date,day_type,total_calls_for_date,S1_english_calls,S1_sinhala_calls,S1_tamil_calls,S1_agents_needed_C1,S1_agents_needed_C2,S1_agents_needed_C3,S2_english_calls,S2_sinhala_calls,S2_tamil_calls,S2_agents_needed_C1,S2_agents_needed_C2,S2_agents_needed_C3,S3_english_calls,S3_sinhala_calls,S3_tamil_calls,S3_agents_needed_C1,S3_agents_needed_C2,S3_agents_needed_C3,missed_call_for_day
01/01/2022,Saturday,463,48,17,3,7,1,0,215,88,12,9,2,0,45,36,1,6,1,0,5
02/01/2022,Sunday,338,38,14,2,7,1,0,164,53,10,9,2,0,44,11,3,4,3,0,11
03/01/2022,Monday,246,12,6,1,3,1,0,103,43,6,5,2,0,51,21,3,5,1,0,12
04/01/2022,Tuesday,148,7,3,0,2,0,0,65,16,2,3,1,0,42,8,5,4,1,0,6
05/01/2022,Wednesday,250,8,7,0,2,0,0,106,43,11,5,1,0,54,19,2,4,1,0,11
06/01/2022,Thursday,165,11,5,0,2,0,0,66,24,3,3,1,0,40,13,3,4,1,0,6
07/01/2022,Friday,192,10,0,3,2,1,0,79,29,7,6,1,0,39,21,4,4,1,0,8
08/01/2022,Saturday,363,30,9,3,4,1,0,182,58,11,7,2,0,50,17,4,5,2,0,11
09/01/2022,Sunday,396,52,12,2,7,1,0,195,71,5,9,1,0,47,12,3,5,1,0,9
10/01/2022,Monday,191,17,3,0,3,0,0,77,29,7,4,1,0,42,16,0,5,0,0,5
11/01/2022,Tuesday,152,10,11,0,3,0,0,58,22,5,4,2,0,34,11,1,4,1,0,9
12/01/2022,Wednesday,122,10,7,2,2,1,0,42,15,3,3,1,0,31,11,2,3,1,0,11
13/01/2022,Thursday,229,15,5,1,2,1,0,105,28,9,7,2,0,44,17,5,4,1,0,12
14/01/2022,Holiday,654,90,37,11,12,5,0,308,110,22,15,2,0,52,20,5,5,1,0,4
15/01/2022,Saturday,392,39,15,2,6,2,0,184,68,18,8,2,0,55,11,2,11,1,0,8
16/01/2022,Sunday,470,49,17,4,7,1,0,216,74,20,12,3,0,64,25,3,9,2,0,11
17/01/2022,Holiday,658,120,38,10,16,3,0,291,117,9,16,3,0,59,15,1,7,1,0,4
18/01/2022,Tuesday,258,19,6,0,3,0,0,107,39,3,5,2,0,53,28,3,6,1,0,12
19/01/2022,Wednesday,187,11,5,1,2,1,0,79,28,6,4,1,0,36,20,2,4,1,0,11
20/01/2022,Thursday,240,13,8,1,2,1,0,101,37,7,5,1,0,48,17,9,3,1,0,10
21/01/2022,Friday,295,18,4,0,3,0,0,134,43,12,6,2,0,56,23,5,7,1,0,10
22/01/2022,Saturday,471,44,13,4,8,2,0,215,93,25,9,3,0,58,17,3,13,1,0,9
23/01/2022,Sunday,358,28,19,3,5,2,0,173,69,11,9,1,0,44,9,3,8,1,0,5
24/01/2022,Monday,265,16,3,2,3,1,0,107,45,11,5,2,0,65,16,0,5,0,0,7
25/01/2022,Tuesday,164,16,3,1,4,1,0,63,21,6,4,2,0,36,14,4,4,1,0,9
26/01/2022,Wednesday,178,12,6,2,2,1,0,69,25,5,5,1,0,37,20,2,5,1,0,8
27/01/2022,Thursday,172,12,9,1,4,1,0,64,28,3,3,1,0,38,14,5,4,1,0,11
28/01/2022,Friday,271,16,7,1,3,1,0,100,51,4,5,1,0,65,25,2,5,1,0,5
29/01/2022,Saturday,332,39,9,1,7,1,0,147,54,10,8,2,0,44,22,6,8,2,0,4
30/01/2022,Sunday,373,32,14,3,6,2,0,162,77,17,9,2,0,47,17,5,6,2,0,6
31/01/2022,Monday,195,7,2,0,2,0,0,80,41,3,6,1,0,50,10,2,3,1,0,10
01/02/2022,Tuesday,153,12,5,0,2,0,0,60,19,3,4,1,0,42,10,3,3,1,0,12
02/02/2022,Wednesday,244,17,3,0,2,0,0,101,37,5,7,1,0,56,24,2,6,1,0,8
03/02/2022,Thursday,186,15,5,0,4,0,0,75,34,5,5,1,0,39,10,4,4,2,0,4
04/02/2022,Holiday,745,112,54,15,17,3,0,346,122,27,19,4,0,40,24,7,4,2,0,11
05/02/2022,Saturday,384,39,13,2,6,2,0,187,66,11,8,3,0,49,17,0,7,0,0,12
06/02/2022,Sunday,297,28,14,5,7,2,0,126,63,8,8,2,0,38,15,2,6,1,0,5
07/02/2022,Monday,252,14,3,2,1,1,0,104,41,6,5,1,0,56,20,6,4,3,0,12
08/02/2022,Tuesday,148,17,4,1,3,1,0,58,21,6,3,2,0,26,11,4,2,1,0,5
09/02/2022,Wednesday,211,15,2,1,2,1,0,93,28,5,4,1,0,46,17,4,3,1,0,4
10/02/2022,Thursday,147,13,7,2,3,1,0,49,25,1,3,1,0,34,13,3,2,1,0,9
11/02/2022,Friday,142,12,4,1,5,1,0,58,22,6,5,1,0,30,8,1,2,1,0,9
12/02/2022,Saturday,348,27,13,4,6,2,0,171,58,16,8,3,0,45,11,3,6,1,0,12
13/02/2022,Sunday,499,62,21,1,8,1,0,219,100,14,10,1,0,61,18,4,11,1,0,10
14/02/2022,Monday,213,14,6,3,2,1,0,89,29,6,7,1,0,46,16,4,6,2,0,11
15/02/2022,Tuesday,219,9,5,0,2,0,0,101,32,5,5,3,0,45,19,3,5,1,0,4
16/02/2022,Holiday,538,80,39,4,14,3,0,247,90,15,16,3,0,40,19,5,6,2,0,11
17/02/2022,Thursday,127,19,3,1,1,1,0,44,19,5,4,1,0,26,9,1,4,1,0,9
18/02/2022,Friday,192,11,4,0,2,0,0,84,33,2,6,1,0,39,17,2,3,1,0,10
19/02/2022,Saturday,340,31,7,3,5,1,0,162,60,13,9,2,0,39,23,3,6,1,0,9
20/02/2022,Sunday,478,52,12,2,9,2,0,231,87,13,11,2,0,60,19,5,12,2,0,8
21/02/2022,Monday,183,15,4,0,3,0,0,62,26,13,4,2,0,42,18,3,5,1,0,9
22/02/2022,Tuesday,186,6,2,1,1,1,0,82,27,5,3,2,0,45,17,2,4,1,0,9
23/02/2022,Wednesday,178,14,5,0,2,0,0,84,30,3,5,1,0,33,7,3,3,1,0,12
24/02/2022,Thursday,286,15,8,1,2,1,0,126,47,8,9,1,0,58,19,5,5,2,0,9
25/02/2022,Friday,132,7,6,0,2,0,0,62,21,3,5,1,0,18,13,2,3,1,0,6
26/02/2022,Saturday,480,52,18,6,8,2,0,227,70,15,12,3,0,63,22,7,11,2,0,11
27/02/2022,Sunday,324,33,14,3,7,2,0,167,41,7,9,1,0,46,11,2,7,1,0,10
28/02/2022,Monday,141,18,6,0,3,0,0,45,22,6,3,2,0,27,15,2,6,1,0,6
01/03/2022,Holiday,651,108,42,6,16,2,0,298,100,29,18,2,0,49,17,5,4,2,0,7
02/03/2022,Wednesday,163,13,5,2,3,1,0,62,19,6,6,1,0,41,14,1,3,1,0,6
03/03/2022,Thursday,261,18,7,0,3,0,0,105,33,8,6,1,0,71,16,3,4,1,0,4
04/03/2022,Friday,140,12,6,1,4,1,0,45,21,6,4,2,0,31,17,2,4,1,0,8
05/03/2022,Saturday,366,34,9,4,6,2,0,192,59,7,8,2,0,43,13,6,6,2,0,9
06/03/2022,Sunday,412,38,14,2,7,1,0,213,70,12,11,2,0,44,17,2,5,1,0,5
07/03/2022,Monday,214,9,6,1,2,1,0,96,28,3,4,1,0,44,24,3,5,1,0,12
08/03/2022,Tuesday,267,18,8,2,3,1,0,116,34,7,6,1,0,59,18,5,5,1,0,9
09/03/2022,Wednesday,216,13,3,3,1,1,0,95,26,14,5,2,0,39,20,3,3,1,0,12
10/03/2022,Thursday,199,14,9,2,3,2,0,75,43,3,5,1,0,37,13,3,3,1,0,12
11/03/2022,Friday,248,20,4,1,3,1,0,110,43,6,6,2,0,48,17,0,6,0,0,6
12/03/2022,Saturday,423,43,18,1,8,1,0,212,72,17,10,2,0,49,10,4,7,2,0,12
13/03/2022,Sunday,337,24,11,1,6,1,0,179,46,12,8,2,0,44,15,5,7,1,0,8
14/03/2022,Monday,124,12,1,2,3,1,0,55,11,7,3,1,0,26,10,0,3,0,0,10
15/03/2022,Tuesday,295,20,10,1,2,1,0,131,33,14,5,2,0,62,20,5,4,2,0,11
16/03/2022,Wednesday,152,19,4,1,2,1,0,63,16,2,4,1,0,36,10,2,4,1,0,11
17/03/2022,Holiday,676,100,40,7,14,3,0,338,106,23,18,3,0,41,20,2,5,1,0,12
18/03/2022,Friday,211,13,7,1,2,1,0,80,39,3,5,1,0,44,19,5,5,1,0,9
19/03/2022,Saturday,452,48,10,7,9,2,0,216,82,7,10,2,0,55,23,5,8,1,0,6
20/03/2022,Sunday,455,46,19,3,8,2,0,212,67,16,9,2,0,70,18,4,8,1,0,4
21/03/2022,Monday,271,19,8,1,1,1,0,120,39,7,5,1,0,57,17,4,4,2,0,4
22/03/2022,Tuesday,134,7,3,0,3,0,0,59,15,2,4,1,0,39,7,2,4,1,0,12
23/03/2022,Wednesday,286,12,6,1,2,1,0,124,48,14,6,2,0,60,18,5,6,1,0,8
24/03/2022,Thursday,294,27,5,2,4,1,0,144,33,8,6,1,0,52,20,4,3,2,0,9
25/03/2022,Friday,188,14,4,0,3,0,0,82,27,8,5,1,0,38,10,5,3,1,0,4
26/03/2022,Saturday,413,45,13,2,5,1,0,188,66,13,8,2,0,62,20,7,8,5,0,4
27/03/2022,Sunday,379,39,14,3,8,1,0,205,45,18,9,3,0,45,10,2,6,1,0,8
28/03/2022,Monday,184,17,4,4,3,1,0,85,15,8,4,2,0,35,14,4,3,1,0,9
29/03/2022,Tuesday,248,20,4,0,3,0,0,104,33,11,5,2,0,51,21,4,5,1,0,4
30/03/2022,Wednesday,131,12,1,1,1,1,0,45,16,6,3,1,0,37,9,4,2,1,0,6
31/03/2022,Thursday,209,22,9,0,3,0,0,85,35,4,6,1,0,30,23,2,4,1,0,13
01/04/2022,Friday,160,10,4,0,3,0,0,69,23,6,4,1,0,36,13,0,5,0,0,4
02/04/2022,Saturday,324,32,16,0,6,0,0,139,52,15,8,2,0,54,14,3,7,2,0,12
03/04/2022,Sunday,379,45,8,1,6,1,0,172,73,10,10,2,0,51,15,4,8,1,0,11
04/04/2022,Monday,261,14,5,0,2,0,0,106,38,11,7,2,0,68,14,5,5,1,0,12
05/04/2022,Tuesday,137,13,5,0,3,0,0,50,30,1,4,1,0,21,15,2,3,1,0,5
06/04/2022,Wednesday,121,14,3,1,2,1,0,47,23,3,3,1,0,23,7,1,3,1,0,4
07/04/2022,Thursday,221,19,4,1,5,1,0,94,33,6,5,1,0,34,24,6,4,1,0,10
08/04/2022,Friday,282,11,4,1,2,1,0,116,53,9,6,2,0,62,24,3,5,2,0,11
09/04/2022,Saturday,294,30,12,1,6,1,0,137,45,12,7,2,0,44,14,0,5,0,0,4
10/04/2022,Sunday,304,41,14,1,6,1,0,126,60,11,8,1,0,43,6,4,6,2,0,5
11/04/2022,Monday,177,10,6,1,3,1,0,68,27,6,4,2,0,38,15,6,3,1,0,4
12/04/2022,Tuesday,157,17,2,1,3,1,0,61,29,1,6,1,0,33,9,4,3,1,0,7
13/04/2022,Holiday,704,115,30,8,16,2,0,367,102,23,18,5,0,38,15,6,5,1,0,7
14/04/2022,Holiday,723,122,35,12,18,3,0,352,117,18,18,2,0,50,13,6,4,1,0,6
15/04/2022,Holiday,797,122,46,9,20,2,0,369,147,29,21,3,0,55,20,4,4,2,0,10
16/04/2022,Holiday,606,117,34,8,13,3,0,284,91,26,15,3,0,37,9,1,4,1,0,6
17/04/2022,Sunday,470,49,13,3,8,1,0,215,82,17,10,2,0,62,26,5,8,1,0,10
18/04/2022,Monday,156,26,4,0,4,0,0,62,24,1,4,1,0,27,11,1,3,1,0,12
19/04/2022,Tuesday,269,20,7,2,3,1,0,108,49,10,5,2,0,51,19,3,6,1,0,11
20/04/2022,Wednesday,283,27,2,2,4,1,0,114,44,7,7,2,0,64,19,4,5,1,0,5
21/04/2022,Thursday,225,14,7,1,2,1,0,96,36,8,4,1,0,48,15,0,4,0,0,7
22/04/2022,Friday,281,13,5,0,3,0,0,127,40,5,6,1,0,65,19,7,5,3,0,9
23/04/2022,Saturday,324,25,9,0,6,0,0,176,55,9,7,2,0,35,16,2,5,1,0,5
24/04/2022,Sunday,305,29,13,3,7,1,0,136,54,7,9,1,0,37,21,5,6,2,0,9
25/04/2022,Monday,247,21,4,1,3,1,0,101,46,9,7,1,0,45,16,4,5,1,0,4
26/04/2022,Tuesday,159,14,6,0,2,0,0,72,21,5,4,1,0,30,11,0,5,0,0,5
27/04/2022,Wednesday,244,16,10,2,4,1,0,89,42,8,6,2,0,56,17,5,6,2,0,6
28/04/2022,Thursday,277,12,7,2,4,1,0,112,43,13,6,2,0,60,26,2,5,1,0,11
29/04/2022,Friday,248,13,4,1,3,1,0,107,40,8,5,2,0,53,20,2,5,1,0,10
30/04/2022,Saturday,378,36,13,2,7,1,0,155,81,12,8,2,0,57,21,3,7,1,0,11
01/05/2022,Holiday,758,113,45,10,15,2,0,352,117,33,16,3,0,66,17,6,6,2,0,8
02/05/2022,Monday,261,17,6,2,2,1,0,101,52,16,4,2,0,51,16,1,5,1,0,10
03/05/2022,Holiday,585,98,31,4,13,2,0,271,101,24,15,3,0,41,14,1,5,1,0,5
04/05/2022,Wednesday,163,13,6,0,2,0,0,69,26,5,6,1,0,29,14,2,3,1,0,11
05/05/2022,Thursday,176,11,7,1,2,1,0,67,27,7,5,2,0,40,15,1,3,1,0,12
06/05/2022,Friday,192,12,5,0,2,0,0,89,25,2,5,1,0,43,13,3,4,1,0,4
07/05/2022,Saturday,305,34,9,2,4,1,0,138,61,12,7,2,0,38,10,1,7,1,0,4
08/05/2022,Sunday,391,37,10,1,6,1,0,191,59,16,9,3,0,63,14,3,9,1,0,5
09/05/2022,Monday,133,15,2,0,4,0,0,62,18,2,4,1,0,20,11,4,2,1,0,6
10/05/2022,Tuesday,140,12,6,0,3,0,0,57,19,3,5,1,0,35,7,2,3,1,0,9
11/05/2022,Wednesday,140,9,4,1,2,1,0,64,13,3,4,1,0,35,10,1,3,1,0,5
12/05/2022,Thursday,123,13,6,0,5,0,0,51,17,5,3,1,0,21,11,0,3,0,0,5
13/05/2022,Friday,266,17,3,2,4,1,0,121,43,10,5,2,0,49,18,3,4,2,0,8
14/05/2022,Saturday,413,51,17,0,9,0,0,190,71,13,11,2,0,49,18,4,7,1,0,4
15/05/2022,Holiday,495,73,18,6,10,1,0,239,90,24,12,2,0,33,13,1,4,1,0,11
16/05/2022,Holiday,591,101,28,8,13,2,0,279,97,12,15,3,0,44,21,2,4,1,0,5
17/05/2022,Tuesday,126,17,3,2,3,1,0,43,15,3,4,1,0,29,11,3,3,1,0,9
18/05/2022,Wednesday,186,5,8,3,2,1,0,76,29,9,5,2,0,37,16,3,6,1,0,8
19/05/2022,Thursday,262,12,4,1,2,1,0,125,41,7,7,2,0,54,16,3,6,1,0,11
20/05/2022,Friday,152,13,5,2,2,1,0,68,22,2,5,1,0,32,8,2,3,1,0,12
21/05/2022,Saturday,338,30,14,5,5,2,0,159,52,10,6,2,0,53,15,3,7,1,0,10
22/05/2022,Sunday,398,45,16,5,11,2,0,191,62,17,9,3,0,49,12,4,6,1,0,5
23/05/2022,Monday,163,17,5,1,1,1,0,68,24,6,4,1,0,30,12,0,3,0,0,5
24/05/2022,Tuesday,202,11,4,1,2,1,0,92,30,6,5,1,0,45,13,0,5,0,0,5
25/05/2022,Wednesday,241,15,6,2,3,1,0,106,36,6,4,1,0,50,18,2,4,1,0,6
26/05/2022,Thursday,155,14,7,0,3,0,0,67,19,3,4,1,0,32,9,4,3,1,0,11
27/05/2022,Friday,237,13,6,1,2,1,0,106,32,8,4,2,0,48,19,5,4,2,0,7
28/05/2022,Saturday,403,43,10,1,5,1,0,193,71,16,9,2,0,47,20,2,7,1,0,8
29/05/2022,Sunday,374,30,13,4,4,2,0,181,61,15,8,2,0,42,25,4,6,1,0,9
30/05/2022,Monday,203,11,5,0,3,0,0,85,36,9,5,2,0,40,13,4,3,1,0,8
31/05/2022,Tuesday,135,12,3,2,2,1,0,52,20,4,3,1,0,32,9,1,3,1,0,10
01/06/2022,Wednesday,258,18,5,2,4,1,0,112,42,7,6,1,0,55,15,3,5,1,0,9
02/06/2022,Thursday,276,19,4,0,2,0,0,129,42,8,4,1,0,58,13,4,7,1,0,6
03/06/2022,Friday,151,11,4,2,1,1,0,64,23,4,4,1,0,33,10,0,4,0,0,10
04/06/2022,Saturday,463,60,18,3,9,1,0,213,71,13,10,2,0,56,28,1,9,1,0,6
05/06/2022,Sunday,490,43,15,7,8,2,0,235,89,17,10,2,0,67,12,9,10,2,0,8
06/06/2022,Monday,126,15,5,1,3,1,0,49,12,1,4,1,0,31,10,2,3,1,0,11
07/06/2022,Tuesday,127,9,1,0,2,0,0,44,18,3,3,1,0,41,10,1,5,1,0,11
08/06/2022,Wednesday,194,18,6,2,3,2,0,84,21,2,4,1,0,51,7,4,3,1,0,11
09/06/2022,Thursday,274,13,7,0,3,0,0,123,40,9,6,2,0,65,16,2,6,1,0,7
10/06/2022,Friday,281,11,6,1,2,1,0,118,46,12,6,2,0,61,23,3,5,1,0,4
11/06/2022,Saturday,442,42,15,3,7,2,0,220,75,7,9,1,0,59,15,7,7,2,0,6
12/06/2022,Sunday,441,36,18,4,5,2,0,215,64,27,9,3,0,55,18,5,7,1,0,11
13/06/2022,Monday,111,7,6,0,3,0,0,34,13,8,3,1,0,35,6,2,4,1,0,9
14/06/2022,Holiday,612,91,34,10,13,2,0,302,111,17,15,2,0,35,12,1,4,1,0,4
15/06/2022,Wednesday,182,20,2,1,2,1,0,66,24,6,4,1,0,45,14,4,3,1,0,10
16/06/2022,Thursday,171,12,3,1,2,1,0,82,24,7,4,1,0,30,11,1,3,1,0,10
17/06/2022,Friday,135,10,4,0,3,0,0,57,16,5,4,1,0,30,9,4,2,2,0,6
18/06/2022,Saturday,443,39,18,6,6,2,0,202,87,17,8,2,0,53,20,4,5,2,0,11
19/06/2022,Sunday,459,39,14,3,7,2,0,230,76,23,10,2,0,50,25,3,5,2,0,12
20/06/2022,Monday,226,9,5,1,2,1,0,95,34,6,5,1,0,59,15,3,5,1,0,11
21/06/2022,Tuesday,235,16,4,1,2,1,0,87,37,10,5,2,0,65,13,2,7,1,0,11
22/06/2022,Wednesday,136,9,2,0,2,0,0,60,15,3,4,1,0,35,9,3,3,1,0,4
23/06/2022,Thursday,236,13,9,0,3,0,0,97,41,7,4,1,0,47,18,5,4,1,0,6
24/06/2022,Friday,163,11,1,3,1,1,0,67,24,4,4,1,0,40,13,0,3,0,0,10
25/06/2022,Saturday,352,42,19,0,7,0,0,163,63,10,8,1,0,39,17,1,5,1,0,7
26/06/2022,Sunday,441,37,18,2,6,1,0,212,66,15,11,2,0,55,36,1,9,1,0,8
27/06/2022,Monday,177,9,4,1,2,1,0,76,16,7,4,1,0,45,15,4,4,1,0,6
28/06/2022,Tuesday,233,14,4,2,4,1,0,96,32,10,5,1,0,50,21,4,6,2,0,12
29/06/2022,Wednesday,289,17,5,1,3,1,0,123,42,10,7,2,0,66,20,6,5,2,0,7
30/06/2022,Thursday,158,15,1,0,2,0,0,61,29,4,5,1,0,36,10,4,3,1,0,11
01/07/2022,Friday,292,12,11,1,2,1,0,131,46,5,7,1,0,62,19,6,5,2,0,10
02/07/2022,Saturday,317,24,15,2,6,2,0,159,49,6,6,1,0,42,16,4,7,2,0,8
03/07/2022,Sunday,303,36,5,5,4,1,0,147,49,6,6,2,0,36,19,0,6,0,0,9
04/07/2022,Monday,280,25,7,1,4,1,0,111,32,7,6,2,0,69,24,5,6,1,0,9
05/07/2022,Tuesday,163,14,6,1,2,1,0,76,22,4,4,1,0,31,11,0,3,0,0,7
06/07/2022,Wednesday,269,15,4,0,4,0,0,117,44,9,7,2,0,61,18,2,4,1,0,10
07/07/2022,Thursday,130,15,8,1,3,1,0,48,19,3,4,2,0,28,7,1,2,1,0,8
08/07/2022,Friday,200,8,3,0,2,0,0,82,29,5,5,1,0,56,15,2,5,1,0,7
09/07/2022,Saturday,337,32,12,1,7,1,0,160,66,14,8,3,0,42,9,1,5,1,0,7
10/07/2022,Holiday,822,134,47,4,18,2,0,382,144,26,17,4,0,66,19,3,4,1,0,10
11/07/2022,Monday,185,13,4,2,2,1,0,81,27,5,5,1,0,36,17,3,3,2,0,10
12/07/2022,Tuesday,220,11,4,0,2,0,0,111,46,6,6,1,0,32,9,1,3,1,0,7
13/07/2022,Holiday,636,104,36,6,18,3,0,289,111,22,15,3,0,45,22,1,5,1,0,7
14/07/2022,Thursday,209,12,4,2,2,1,0,90,30,10,5,3,0,46,15,0,6,0,0,6
15/07/2022,Friday,195,10,7,1,3,1,0,84,20,9,4,1,0,45,16,3,3,1,0,10
16/07/2022,Saturday,481,47,20,0,10,0,0,226,78,10,11,2,0,68,29,4,8,2,0,10
17/07/2022,Sunday,435,51,14,5,10,3,0,209,74,12,10,2,0,55,15,3,6,1,0,7
18/07/2022,Monday,258,17,5,1,3,1,0,102,41,15,4,1,0,52,21,5,6,1,0,12
19/07/2022,Tuesday,122,8,2,1,1,1,0,43,26,2,4,1,0,26,14,0,4,0,0,7
20/07/2022,Wednesday,178,14,6,0,2,0,0,74,26,7,4,1,0,39,9,3,4,1,0,6
21/07/2022,Thursday,271,17,10,1,3,1,0,108,45,5,6,1,0,62,18,5,5,1,0,5
22/07/2022,Friday,281,18,11,0,4,0,0,105,47,8,5,2,0,69,18,5,6,1,0,12
23/07/2022,Saturday,363,35,11,0,5,0,0,184,67,13,8,2,0,44,8,2,5,2,0,11
24/07/2022,Sunday,381,29,16,1,4,1,0,174,78,19,10,2,0,41,20,4,7,1,0,12
25/07/2022,Monday,224,14,7,1,2,1,0,98,36,7,6,1,0,40,17,4,5,1,0,4
26/07/2022,Tuesday,275,17,8,1,3,1,0,125,33,9,6,2,0,61,17,6,4,2,0,9
27/07/2022,Wednesday,165,9,5,0,3,0,0,77,21,6,5,1,0,35,11,1,3,0,0,11
28/07/2022,Thursday,240,11,4,2,3,1,0,106,38,8,5,1,0,50,14,8,3,2,0,9
29/07/2022,Friday,215,16,7,1,2,1,0,96,29,6,5,1,0,45,15,1,5,1,0,5
30/07/2022,Saturday,343,38,10,1,6,1,0,168,62,13,9,2,0,35,14,4,4,1,0,4
31/07/2022,Sunday,386,33,15,5,9,1,0,195,60,12,10,2,0,45,19,3,5,1,0,5
01/08/2022,Monday,211,11,2,0,2,0,0,96,36,10,5,1,0,34,15,7,2,1,0,9
02/08/2022,Tuesday,185,10,4,2,2,1,0,74,35,8,4,1,0,34,17,2,5,1,0,5
03/08/2022,Wednesday,285,8,10,0,3,0,0,121,42,11,4,2,0,68,21,4,5,1,0,10
04/08/2022,Thursday,162,18,6,0,3,0,0,61,25,4,4,1,0,33,13,2,4,1,0,10
05/08/2022,Friday,175,11,2,0,2,0,0,74,34,7,4,1,0,27,16,4,3,1,0,12
06/08/2022,Saturday,481,54,15,6,8,2,0,241,85,16,12,3,0,48,15,2,6,1,0,7
07/08/2022,Sunday,323,35,10,1,6,1,0,149,45,17,7,2,0,51,15,1,7,1,0,11
08/08/2022,Monday,198,15,6,0,3,0,0,82,24,8,4,1,0,40,20,3,3,1,0,11
09/08/2022,Tuesday,127,13,1,2,3,1,0,61,13,1,4,1,0,31,5,1,3,1,0,6
10/08/2022,Wednesday,235,11,5,0,2,0,0,93,34,9,6,1,0,60,19,4,5,1,0,6
11/08/2022,Holiday,698,115,41,9,14,3,0,318,130,26,15,3,0,39,17,3,4,1,0,7
12/08/2022,Friday,148,17,5,0,3,0,0,66,19,0,4,0,0,34,5,3,4,1,0,9
13/08/2022,Saturday,416,52,14,4,7,1,0,187,70,12,9,2,0,62,14,2,7,1,0,6
14/08/2022,Sunday,301,34,14,1,6,1,0,131,62,13,6,3,0,29,15,3,5,1,0,4
15/08/2022,Monday,178,10,5,0,2,0,0,89,24,4,10,1,0,28,13,5,3,2,0,12
16/08/2022,Tuesday,195,9,2,1,1,1,0,85,24,5,4,1,0,52,18,0,5,0,0,9
17/08/2022,Wednesday,131,15,5,1,3,1,0,51,19,5,3,1,0,28,7,1,4,1,0,8
18/08/2022,Thursday,196,19,3,0,4,0,0,86,38,4,5,1,0,29,14,4,2,1,0,12
19/08/2022,Friday,231,18,9,1,3,1,0,105,32,4,6,1,0,38,19,6,5,1,0,4
20/08/2022,Saturday,313,41,11,1,7,1,0,145,54,7,7,1,0,36,15,4,7,1,0,10
21/08/2022,Sunday,416,39,16,2,7,1,0,226,77,5,13,1,0,32,16,4,7,2,0,5
22/08/2022,Monday,196,14,7,1,4,1,0,67,36,8,5,1,0,51,11,2,4,1,0,7
23/08/2022,Tuesday,177,14,4,1,2,1,0,71,24,4,5,1,0,43,15,1,4,1,0,9
24/08/2022,Wednesday,262,12,8,2,4,1,0,111,43,15,7,2,0,45,23,4,4,1,0,9
25/08/2022,Thursday,144,8,7,1,4,1,0,57,24,2,3,1,0,28,14,3,4,1,0,7
26/08/2022,Friday,145,14,4,0,3,0,0,59,16,2,3,1,0,29,18,3,3,1,0,9
27/08/2022,Saturday,374,42,20,3,11,2,0,173,51,18,10,2,0,45,17,5,5,3,0,5
28/08/2022,Sunday,389,32,19,1,6,1,0,173,76,8,8,1,0,57,24,3,6,1,0,7
29/08/2022,Monday,193,11,4,0,2,0,0,78,34,5,6,1,0,47,13,1,5,1,0,10
30/08/2022,Tuesday,291,17,2,1,3,1,0,130,40,12,8,2,0,67,17,5,5,1,0,6
31/08/2022,Wednesday,291,8,4,1,2,1,0,130,45,7,7,2,0,71,22,3,6,1,0,11
01/09/2022,Thursday,245,17,3,1,2,1,0,96,44,6,7,2,0,50,24,5,4,1,0,10
02/09/2022,Friday,256,10,8,1,3,1,0,123,36,3,6,1,0,53,20,3,6,1,0,7
03/09/2022,Saturday,443,45,19,7,10,1,0,200,69,16,8,3,0,58,27,2,12,1,0,8
04/09/2022,Sunday,337,31,13,2,6,1,0,165,47,11,9,2,0,50,16,3,7,1,0,10
05/09/2022,Monday,181,13,9,2,3,1,0,74,29,4,4,2,0,30,21,1,4,1,0,9
06/09/2022,Tuesday,126,9,8,0,2,0,0,52,20,4,3,1,0,27,7,1,2,1,0,8
07/09/2022,Wednesday,197,11,3,1,2,1,0,86,33,9,5,1,0,38,12,4,4,1,0,11
08/09/2022,Thursday,171,16,3,2,2,1,0,64,31,5,5,2,0,37,13,1,3,1,0,6
09/09/2022,Friday,297,21,6,1,1,1,0,121,47,11,6,2,0,67,22,3,8,1,0,8
10/09/2022,Holiday,687,93,30,8,11,3,0,334,112,22,16,3,0,59,27,4,7,1,0,8
11/09/2022,Sunday,447,52,10,2,8,1,0,215,84,12,9,2,0,52,19,2,9,1,0,6
12/09/2022,Monday,167,21,5,3,2,1,0,64,16,2,4,1,0,40,10,6,3,2,0,4
13/09/2022,Tuesday,221,12,2,4,1,1,0,82,31,4,4,1,0,55,23,8,5,2,0,4
14/09/2022,Wednesday,227,12,4,3,1,1,0,101,37,4,6,1,0,44,22,0,6,0,0,8
15/09/2022,Thursday,234,15,4,1,3,1,0,99,31,4,5,1,0,49,30,3,5,1,0,5
16/09/2022,Friday,200,17,5,3,2,2,0,74,32,10,5,3,0,44,13,2,5,1,0,4
17/09/2022,Saturday,461,45,13,1,6,1,0,216,74,22,11,2,0,64,21,7,8,2,0,9
18/09/2022,Sunday,414,38,20,3,7,1,0,192,71,20,10,4,0,46,22,2,7,1,0,7
19/09/2022,Monday,242,17,6,1,2,1,0,97,35,6,5,1,0,57,23,0,8,0,0,7
20/09/2022,Tuesday,270,14,2,1,2,1,0,125,38,9,6,2,0,58,20,3,4,1,0,8
21/09/2022,Wednesday,215,18,3,0,2,0,0,90,33,7,5,2,0,49,15,0,6,0,0,8
22/09/2022,Thursday,163,9,4,1,2,1,0,72,21,6,5,2,0,32,14,4,4,1,0,6
23/09/2022,Friday,127,13,4,0,2,0,0,49,23,1,4,1,0,26,10,1,3,1,0,5
24/09/2022,Saturday,303,36,8,0,5,0,0,141,60,7,8,1,0,37,11,4,6,1,0,5
25/09/2022,Sunday,479,49,16,3,8,1,0,233,87,17,11,2,0,57,17,2,9,1,0,11
26/09/2022,Monday,279,19,4,1,2,1,0,131,38,5,8,1,0,64,16,1,6,1,0,6
27/09/2022,Tuesday,125,7,1,2,1,1,0,48,24,1,3,1,0,31,10,1,3,1,0,12
28/09/2022,Wednesday,176,15,2,1,3,1,0,71,30,4,4,1,0,40,11,2,3,1,0,9
29/09/2022,Thursday,176,11,6,0,2,0,0,71,30,4,5,1,0,40,12,2,3,1,0,11
30/09/2022,Friday,264,18,4,0,3,0,0,108,39,9,5,2,0,64,19,3,4,1,0,11
01/10/2022,Saturday,417,42,14,2,8,1,0,208,69,13,11,3,0,42,24,5,7,1,0,11
02/10/2022,Sunday,348,42,17,2,8,1,0,159,60,13,8,2,0,36,16,4,7,2,0,5
03/10/2022,Monday,244,18,3,1,4,1,0,111,35,13,5,3,0,41,16,7,5,2,0,11
04/10/2022,Tuesday,123,12,5,0,2,0,0,45,15,6,3,2,0,33,6,2,3,1,0,10
05/10/2022,Wednesday,137,11,7,0,3,0,0,57,19,4,4,1,0,28,8,3,3,1,0,11
06/10/2022,Thursday,210,11,4,1,2,1,0,91,29,7,5,1,0,43,21,3,5,1,0,11
07/10/2022,Friday,232,14,7,3,2,1,0,98,39,6,7,1,0,49,13,3,4,1,0,8
08/10/2022,Saturday,309,35,14,2,6,1,0,141,50,10,6,3,0,41,13,5,6,2,0,10
09/10/2022,Holiday,806,121,50,11,18,4,0,413,127,30,19,3,0,38,16,3,3,1,0,7
10/10/2022,Monday,259,13,3,1,3,1,0,124,32,7,5,1,0,60,16,3,5,1,0,5
11/10/2022,Tuesday,187,19,4,1,4,1,0,78,24,7,7,1,0,43,11,2,3,1,0,9
12/10/2022,Wednesday,148,15,4,1,3,1,0,58,23,6,5,2,0,34,6,2,4,1,0,4
13/10/2022,Thursday,309,14,7,1,2,1,0,147,38,12,6,2,0,69,18,4,5,2,0,10
14/10/2022,Friday,240,14,7,0,2,0,0,89,44,8,5,2,0,53,20,6,4,2,0,6
15/10/2022,Saturday,422,49,14,1,9,1,0,211,64,8,11,2,0,58,16,3,7,3,0,7
16/10/2022,Sunday,472,44,15,5,7,2,0,242,73,19,10,2,0,64,11,2,12,1,0,4
17/10/2022,Monday,236,16,6,2,3,1,0,106,28,9,5,1,0,52,16,3,5,1,0,5
18/10/2022,Tuesday,171,11,7,2,3,1,0,59,30,6,4,1,0,40,15,1,4,1,0,6
19/10/2022,Wednesday,152,12,5,0,3,0,0,61,25,7,3,2,0,29,12,1,2,1,0,11
20/10/2022,Thursday,178,14,6,1,2,1,0,68,34,1,6,1,0,31,21,2,4,1,0,4
21/10/2022,Friday,222,17,5,2,4,1,0,98,29,6,4,1,0,48,13,4,4,1,0,6
22/10/2022,Saturday,412,41,21,4,7,1,0,189,58,20,9,3,0,55,23,1,8,1,0,6
23/10/2022,Sunday,373,43,15,3,9,1,0,167,69,15,8,3,0,43,15,4,5,1,0,5
24/10/2022,Holiday,500,84,25,3,10,1,0,223,90,16,11,2,0,37,22,3,4,1,0,4
25/10/2022,Tuesday,239,7,3,5,1,1,0,111,43,10,6,1,0,44,14,4,4,1,0,12
26/10/2022,Wednesday,149,10,4,0,3,0,0,54,29,6,4,1,0,36,8,2,4,1,0,7
27/10/2022,Thursday,296,25,5,0,4,0,0,134,41,12,5,2,0,53,20,6,6,3,0,12
28/10/2022,Friday,246,13,7,2,5,1,0,109,37,8,5,2,0,54,12,4,6,1,0,12
29/10/2022,Saturday,367,43,14,0,8,0,0,164,63,16,9,3,0,51,13,5,7,2,0,7
30/10/2022,Sunday,466,49,17,4,8,1,0,223,82,22,8,3,0,50,17,3,10,1,0,13
31/10/2022,Monday,181,12,6,2,4,1,0,80,13,7,5,1,0,47,14,0,4,0,0,7
01/11/2022,Tuesday,139,16,4,0,2,0,0,55,18,5,3,1,0,28,10,3,3,1,0,5
02/11/2022,Wednesday,120,12,2,0,1,0,0,39,18,7,3,1,0,30,11,2,2,1,0,7
03/11/2022,Thursday,171,11,2,2,2,1,0,82,18,4,5,1,0,37,13,3,4,2,0,12
04/11/2022,Friday,141,11,7,0,2,0,0,50,28,5,4,1,0,24,14,3,2,1,0,5
05/11/2022,Saturday,494,48,15,7,7,2,0,226,92,21,12,3,0,52,31,2,9,1,0,8
06/11/2022,Sunday,334,30,12,4,5,2,0,168,59,9,7,2,0,38,13,1,4,1,0,9
07/11/2022,Holiday,780,116,44,8,12,2,0,353,143,25,18,4,0,62,26,4,7,2,0,9
08/11/2022,Tuesday,153,12,6,0,2,0,0,54,26,5,4,1,0,34,12,4,3,2,0,12
09/11/2022,Wednesday,145,16,9,0,6,0,0,54,17,5,3,1,0,27,13,4,3,1,0,7
10/11/2022,Thursday,152,12,6,1,3,1,0,63,21,3,3,2,0,31,14,2,3,1,0,10
11/11/2022,Friday,195,16,2,0,3,0,0,74,37,3,5,1,0,43,17,4,4,1,0,10
12/11/2022,Saturday,372,34,16,8,9,1,0,183,66,10,8,1,0,40,14,1,8,1,0,8
13/11/2022,Sunday,315,32,16,3,5,1,0,135,69,12,7,2,0,30,14,4,5,1,0,6
14/11/2022,Monday,160,16,4,0,3,0,0,64,23,4,7,1,0,36,10,3,3,1,0,8
15/11/2022,Tuesday,125,11,8,3,2,1,0,51,11,4,4,2,0,29,7,1,3,0,0,7
16/11/2022,Wednesday,158,14,5,2,2,1,0,63,29,5,3,1,0,22,14,4,3,1,0,4
17/11/2022,Thursday,164,7,8,3,2,1,0,60,32,7,3,1,0,36,10,2,4,1,0,10
18/11/2022,Friday,262,15,4,1,2,1,0,121,44,6,6,1,0,53,13,5,5,1,0,9
19/11/2022,Saturday,295,32,9,2,4,1,0,134,45,9,7,2,0,55,9,1,5,1,0,4
20/11/2022,Sunday,335,37,11,3,7,2,0,149,57,12,8,1,0,45,18,3,7,1,0,5
21/11/2022,Monday,257,12,5,2,2,1,0,111,46,8,7,1,0,53,20,2,6,1,0,9
22/11/2022,Tuesday,157,13,5,0,2,0,0,56,20,4,3,1,0,39,16,4,3,1,0,9
23/11/2022,Wednesday,255,16,4,0,2,0,0,109,40,11,5,1,0,56,17,3,4,1,0,13
24/11/2022,Thursday,280,15,9,0,4,0,0,116,60,11,6,2,0,51,16,2,4,1,0,9
25/11/2022,Friday,153,11,7,3,1,1,0,53,29,4,5,1,0,37,8,1,3,1,0,9
26/11/2022,Saturday,479,41,16,4,8,2,0,244,81,15,10,2,0,53,21,6,8,2,0,7
27/11/2022,Sunday,425,47,17,5,8,3,0,186,72,20,9,2,0,50,23,5,8,2,0,8
28/11/2022,Monday,259,15,5,1,3,1,0,119,43,13,6,2,0,38,19,6,4,1,0,10
29/11/2022,Tuesday,192,13,5,1,3,1,0,73,33,8,4,1,0,39,19,1,4,1,0,4
30/11/2022,Wednesday,138,13,4,0,2,0,0,56,20,4,3,1,0,28,12,1,3,1,0,11
01/12/2022,Thursday,185,16,11,2,5,1,0,84,24,2,5,1,0,29,14,3,3,1,0,8
02/12/2022,Friday,244,11,5,3,3,2,0,113,30,13,5,2,0,52,12,5,4,1,0,8
03/12/2022,Saturday,327,31,15,3,6,1,0,156,59,6,7,1,0,45,13,1,10,1,0,12
04/12/2022,Sunday,334,35,7,1,3,1,0,165,66,7,11,1,0,29,21,3,6,1,0,11
05/12/2022,Monday,159,14,3,1,2,1,0,58,25,5,3,2,0,34,18,2,4,1,0,8
06/12/2022,Tuesday,283,11,3,0,2,0,0,124,50,12,7,1,0,54,26,5,5,1,0,9
07/12/2022,Holiday,618,89,34,10,13,3,0,279,103,19,15,2,0,63,19,3,5,1,0,8
08/12/2022,Thursday,256,18,7,0,2,0,0,98,36,12,5,3,0,63,21,1,6,1,0,4
09/12/2022,Friday,237,8,8,0,3,0,0,98,44,8,5,2,0,49,20,2,5,1,0,6
10/12/2022,Saturday,314,39,13,0,7,0,0,136,53,13,7,3,0,45,16,1,9,1,0,12
11/12/2022,Sunday,314,36,7,1,5,1,0,143,50,7,7,2,0,52,18,1,8,0,0,10
12/12/2022,Monday,193,11,4,0,4,0,0,90,24,7,4,2,0,37,17,3,3,1,0,7
13/12/2022,Tuesday,166,6,5,0,3,0,0,72,28,1,6,1,0,39,16,0,6,0,0,10
14/12/2022,Wednesday,185,9,4,0,2,0,0,77,31,6,4,1,0,34,21,3,4,1,0,12
15/12/2022,Thursday,259,22,5,1,3,1,0,121,40,8,8,2,0,48,10,4,5,1,0,11
16/12/2022,Friday,141,7,4,2,2,1,0,65,17,1,4,1,0,28,13,4,4,2,0,5
17/12/2022,Saturday,370,30,12,2,5,1,0,179,66,20,8,4,0,46,16,1,7,1,0,8
18/12/2022,Sunday,454,49,21,6,12,1,0,205,95,20,9,2,0,43,15,3,5,1,0,5
19/12/2022,Monday,209,12,8,1,4,1,0,88,37,2,4,1,0,48,11,2,4,1,0,10
20/12/2022,Tuesday,240,15,2,1,1,1,0,102,38,11,4,2,0,50,17,4,7,1,0,9
21/12/2022,Wednesday,123,12,1,1,3,1,0,48,13,5,4,1,0,24,18,1,5,1,0,7
22/12/2022,Thursday,216,20,5,0,3,0,0,97,34,4,6,1,0,37,18,2,5,1,0,8
23/12/2022,Friday,132,14,7,1,3,1,0,48,17,7,3,2,0,27,8,3,2,1,0,9
24/12/2022,Saturday,298,40,10,3,5,1,0,127,62,10,7,2,0,36,8,3,4,1,0,9
25/12/2022,Holiday,800,123,45,4,15,2,0,363,142,29,18,3,0,69,22,3,5,2,0,6
26/12/2022,Monday,174,14,1,1,4,1,0,71,26,6,4,1,0,34,19,2,5,1,0,11
27/12/2022,Tuesday,162,16,5,0,2,0,0,73,22,5,3,2,0,26,12,3,3,1,0,7
28/12/2022,Wednesday,221,13,7,1,3,1,0,90,41,7,5,1,0,49,11,3,5,1,0,6
29/12/2022,Thursday,259,14,10,1,3,1,0,99,53,8,5,2,0,58,16,1,6,1,0,8
30/12/2022,Friday,189,14,1,1,3,1,0,78,35,7,5,1,0,40,11,3,4,1,0,5
31/12/2022,Saturday,457,52,15,3,8,2,0,201,82,22,11,2,0,59,22,1,8,1,0,4
01/01/2023,Sunday,295,28,16,1,4,1,0,139,51,12,8,1,0,36,11,2,6,1,0,5
02/01/2023,Monday,164,11,4,0,2,0,0,57,24,8,4,1,0,40,18,2,6,1,0,12
03/01/2023,Tuesday,175,16,6,0,3,0,0,67,21,2,3,1,0,49,13,1,5,1,0,5
04/01/2023,Wednesday,231,16,9,1,2,1,0,100,39,6,6,1,0,45,13,3,6,1,0,5
05/01/2023,Thursday,269,24,4,5,3,2,0,102,42,15,5,4,0,51,25,3,5,1,0,6
06/01/2023,Holiday,605,94,35,9,14,3,0,291,95,17,15,3,0,50,16,0,5,0,0,8
07/01/2023,Saturday,321,27,17,3,8,1,0,158,51,14,12,2,0,39,13,0,5,0,0,10
08/01/2023,Sunday,406,25,17,9,5,2,0,197,69,15,11,2,0,52,20,2,9,1,0,6
09/01/2023,Monday,209,14,10,0,3,0,0,76,34,6,5,1,0,44,22,3,6,1,0,11
10/01/2023,Tuesday,282,13,5,1,2,1,0,129,47,9,7,1,0,53,20,6,6,1,0,9
11/01/2023,Wednesday,239,14,7,1,2,1,0,100,32,8,5,2,0,56,19,2,4,1,0,11
12/01/2023,Thursday,227,9,8,0,3,0,0,95,31,10,5,2,0,47,22,6,5,1,0,6
13/01/2023,Friday,119,6,1,2,1,1,0,47,21,1,3,1,0,25,15,1,3,1,0,6
14/01/2023,Saturday,303,34,17,1,6,1,0,121,56,17,6,2,0,47,10,3,4,2,0,7
15/01/2023,Holiday,487,86,34,5,13,3,0,229,77,21,12,3,0,24,9,4,3,1,0,8
16/01/2023,Monday,208,15,4,1,4,1,0,90,33,4,5,1,0,38,21,2,5,1,0,7
17/01/2023,Tuesday,304,23,4,1,3,1,0,126,42,7,6,1,0,76,24,4,6,1,0,6
18/01/2023,Wednesday,234,16,5,2,3,1,0,97,40,12,6,3,0,43,15,5,4,2,0,7
19/01/2023,Thursday,283,16,4,1,2,1,0,128,52,4,7,1,0,46,27,8,6,1,0,12
20/01/2023,Friday,217,19,7,1,3,1,0,84,30,6,4,2,0,45,20,5,4,1,0,6
21/01/2023,Saturday,453,50,17,2,10,1,0,219,75,14,9,2,0,55,20,3,10,1,0,7
22/01/2023,Sunday,307,38,11,3,6,2,0,144,50,8,6,2,0,38,10,5,7,2,0,5
23/01/2023,Monday,155,15,6,3,3,2,0,57,23,2,4,2,0,37,11,2,2,1,0,9
24/01/2023,Tuesday,161,13,3,2,2,1,0,69,23,7,3,2,0,32,13,1,3,1,0,6
25/01/2023,Wednesday,126,8,6,1,2,1,0,56,14,5,3,2,0,25,9,2,3,1,0,8
26/01/2023,Thursday,245,18,6,1,3,1,0,103,35,6,7,1,0,57,18,2,4,1,0,5
27/01/2023,Friday,164,12,3,0,3,0,0,78,23,2,5,1,0,31,12,3,4,1,0,7
28/01/2023,Saturday,319,27,12,2,7,1,0,156,50,10,6,3,0,50,10,2,8,1,0,11
29/01/2023,Sunday,363,37,4,3,6,3,0,190,54,21,9,2,0,41,11,3,8,1,0,10
30/01/2023,Monday,184,18,7,2,4,1,0,69,32,4,5,2,0,36,16,1,4,1,0,8
31/01/2023,Tuesday,140,17,1,1,2,1,0,57,25,5,3,1,0,26,5,4,2,1,0,12
01/02/2023,Wednesday,278,19,2,1,2,1,0,122,49,8,6,1,0,55,20,3,6,1,0,8
02/02/2023,Thursday,256,20,7,0,4,0,0,125,33,7,7,2,0,47,17,2,4,1,0,4
03/02/2023,Friday,219,13,1,3,2,1,0,103,32,5,6,1,0,45,16,1,4,1,0,6
04/02/2023,Holiday,767,111,35,6,15,2,0,351,142,29,16,3,0,64,22,8,6,2,0,12
05/02/2023,Holiday,733,125,40,9,16,4,0,338,130,24,16,3,0,54,16,5,5,1,0,4
06/02/2023,Monday,232,16,4,0,4,0,0,87,40,5,5,1,0,48,28,5,5,1,0,6
07/02/2023,Tuesday,129,12,5,2,2,2,0,44,16,2,2,2,0,37,6,5,2,1,0,4
08/02/2023,Wednesday,242,14,7,0,2,0,0,105,42,6,6,2,0,36,27,5,4,2,0,7
09/02/2023,Thursday,154,19,8,1,3,1,0,59,22,4,5,1,0,33,9,1,3,1,0,5
10/02/2023,Friday,242,16,4,1,2,1,0,104,39,6,5,1,0,47,24,4,5,1,0,8
11/02/2023,Saturday,393,47,10,1,6,1,0,201,62,14,9,3,0,36,18,4,6,2,0,6
12/02/2023,Sunday,436,35,19,1,9,1,0,220,81,14,9,2,0,45,18,5,4,2,0,11
13/02/2023,Monday,233,8,4,1,3,1,0,106,34,6,4,1,0,54,18,2,5,1,0,9
14/02/2023,Tuesday,201,14,5,1,2,1,0,86,32,6,5,1,0,37,18,2,3,1,0,11
15/02/2023,Wednesday,181,12,4,1,3,1,0,82,26,4,7,1,0,38,12,2,3,1,0,7
16/02/2023,Thursday,143,11,3,0,2,0,0,61,15,7,4,1,0,37,8,1,4,1,0,11
17/02/2023,Friday,254,22,6,0,3,0,0,115,32,8,7,1,0,51,14,6,4,1,0,9
18/02/2023,Saturday,333,42,18,6,8,2,0,145,40,15,7,2,0,47,17,3,10,2,0,4
19/02/2023,Sunday,473,51,12,4,9,2,0,212,92,15,9,2,0,72,19,1,8,1,0,4
20/02/2023,Monday,200,8,8,0,4,0,0,75,39,2,5,1,0,47,19,2,4,1,0,4
21/02/2023,Tuesday,137,12,4,1,3,1,0,50,19,4,5,1,0,28,16,3,3,2,0,10
22/02/2023,Wednesday,276,16,5,1,3,1,0,116,44,9,6,1,0,54,27,5,7,1,0,9
23/02/2023,Thursday,180,10,7,3,2,1,0,70,32,3,5,1,0,36,15,5,3,2,0,8
24/02/2023,Friday,211,13,9,2,2,1,0,90,32,7,5,1,0,30,24,4,5,1,0,7
25/02/2023,Saturday,309,18,12,2,2,2,0,146,50,13,10,1,0,48,19,2,6,1,0,4
26/02/2023,Sunday,301,27,5,5,5,3,0,153,51,6,7,1,0,39,12,3,5,1,0,10
27/02/2023,Monday,261,16,5,0,3,0,0,123,37,2,5,1,0,59,18,2,5,1,0,8
28/02/2023,Tuesday,163,8,3,0,2,0,0,62,35,5,4,1,0,37,9,4,3,1,0,12
01/03/2023,Wednesday,279,21,5,0,4,0,0,125,44,9,6,2,0,57,18,1,6,1,0,10
02/03/2023,Thursday,178,10,5,0,2,0,0,70,29,4,4,2,0,47,11,2,4,1,0,6
03/03/2023,Friday,291,15,7,0,2,0,0,136,36,9,6,2,0,68,19,1,5,1,0,7
04/03/2023,Saturday,301,38,12,5,7,3,0,127,54,10,7,2,0,38,14,6,6,2,0,5
05/03/2023,Sunday,448,41,19,0,8,0,0,234,74,16,9,2,0,39,22,3,5,2,0,7
06/03/2023,Holiday,622,91,35,5,12,2,0,297,100,22,15,3,0,53,16,3,7,2,0,8
07/03/2023,Tuesday,266,9,5,2,2,1,0,108,52,5,5,1,0,66,18,1,6,1,0,5
08/03/2023,Wednesday,284,18,7,2,2,1,0,129,38,6,6,2,0,62,19,3,4,1,0,9
09/03/2023,Thursday,149,15,3,2,4,1,0,53,20,3,4,1,0,38,13,2,3,1,0,5
10/03/2023,Friday,194,17,5,0,3,0,0,79,29,6,4,1,0,37,18,4,4,2,0,7
11/03/2023,Saturday,450,47,14,3,8,1,0,219,70,19,9,4,0,55,20,3,9,1,0,8
12/03/2023,Sunday,350,33,11,5,5,2,0,165,54,9,8,2,0,56,16,3,7,1,0,8
13/03/2023,Monday,193,8,3,1,2,1,0,81,23,10,4,1,0,50,15,3,5,1,0,12
14/03/2023,Tuesday,238,18,7,2,3,1,0,91,40,4,5,1,0,56,18,2,5,1,0,5
15/03/2023,Wednesday,133,9,7,2,3,2,0,47,27,5,4,1,0,25,8,3,2,1,0,12
16/03/2023,Thursday,199,14,4,0,3,0,0,76,26,5,5,1,0,53,18,3,6,1,0,6
17/03/2023,Friday,190,16,2,0,2,0,0,80,28,3,5,1,0,39,20,3,4,1,0,9
18/03/2023,Holiday,587,99,33,10,14,3,0,275,91,20,15,3,0,42,14,3,3,1,0,10
19/03/2023,Sunday,375,32,14,6,5,2,0,177,60,19,7,2,0,44,17,6,4,2,0,10
20/03/2023,Monday,229,16,9,2,3,1,0,72,43,5,4,1,0,54,24,4,6,1,0,4
21/03/2023,Tuesday,258,23,8,0,3,0,0,99,39,10,5,2,0,55,20,4,7,1,0,4
22/03/2023,Wednesday,126,9,1,1,2,1,0,58,14,3,5,1,0,27,11,2,3,2,0,12
23/03/2023,Thursday,271,18,6,3,2,1,0,109,35,11,5,2,0,63,23,3,8,1,0,4
24/03/2023,Friday,234,16,5,2,2,1,0,106,23,4,5,1,0,59,16,4,5,1,0,12
25/03/2023,Saturday,424,32,13,1,6,1,0,229,76,16,9,2,0,40,16,3,7,1,0,9
26/03/2023,Sunday,363,44,13,3,6,1,0,161,64,9,9,2,0,48,19,2,10,1,0,12
27/03/2023,Monday,175,17,3,2,2,1,0,74,20,3,5,1,0,38,17,3,6,1,0,8
28/03/2023,Tuesday,132,10,5,0,3,0,0,47,29,2,3,1,0,28,9,2,3,1,0,10
29/03/2023,Wednesday,256,18,5,1,2,1,0,118,46,4,8,1,0,46,14,4,5,1,0,7
30/03/2023,Thursday,223,15,5,1,2,1,0,88,35,7,5,1,0,56,13,3,3,1,0,8
31/03/2023,Friday,182,10,5,1,3,1,0,74,25,4,5,1,0,51,10,2,5,1,0,7
01/04/2023,Saturday,358,37,17,0,7,0,0,173,62,11,8,2,0,41,15,2,4,2,0,11
02/04/2023,Sunday,429,46,16,5,6,2,0,181,77,23,9,3,0,59,16,7,7,2,0,12
03/04/2023,Monday,294,15,8,0,4,0,0,134,37,11,7,2,0,60,26,3,6,2,0,7
04/04/2023,Tuesday,282,11,4,1,2,1,0,133,43,8,7,2,0,59,22,1,5,1,0,7
05/04/2023,Holiday,836,130,44,8,18,3,0,396,160,26,20,3,0,45,25,4,4,2,0,7
06/04/2023,Thursday,231,18,7,1,2,1,0,96,35,7,5,1,0,43,18,6,3,1,0,8
07/04/2023,Holiday,807,121,52,5,16,2,0,356,143,22,17,3,0,77,24,10,5,3,0,5
08/04/2023,Saturday,411,46,13,2,5,2,0,196,66,12,8,2,0,62,12,3,7,1,0,9
09/04/2023,Sunday,404,37,13,3,6,1,0,201,69,10,8,3,0,50,17,4,8,1,0,7
10/04/2023,Monday,278,17,7,2,2,1,0,117,38,8,7,1,0,66,18,5,6,1,0,5
11/04/2023,Tuesday,214,14,4,1,3,1,0,81,30,3,5,1,0,56,16,9,6,1,0,5
12/04/2023,Wednesday,219,17,5,1,3,1,0,93,33,5,5,1,0,44,19,2,5,1,0,10
13/04/2023,Holiday,844,139,48,10,16,3,0,388,156,27,18,4,0,59,15,5,5,2,0,8
14/04/2023,Holiday,824,122,37,13,16,3,0,407,139,28,21,4,0,53,24,4,6,1,0,10
15/04/2023,Saturday,318,33,12,3,7,2,0,142,45,10,7,2,0,53,16,4,6,1,0,7
16/04/2023,Sunday,374,33,13,1,4,1,0,177,64,17,9,3,0,44,19,6,6,1,0,12
17/04/2023,Monday,145,9,2,0,2,0,0,49,28,4,4,1,0,39,13,1,4,1,0,7
18/04/2023,Tuesday,218,11,4,1,2,1,0,85,40,6,5,2,0,39,27,5,6,1,0,4
19/04/2023,Wednesday,171,9,6,5,1,1,0,72,25,4,4,1,0,30,18,2,5,1,0,6
20/04/2023,Thursday,223,10,3,1,3,1,0,88,35,12,5,1,0,56,15,4,4,1,0,5
21/04/2023,Friday,171,14,4,1,3,1,0,60,32,6,3,2,0,39,12,3,4,1,0,11
22/04/2023,Holiday,493,75,27,12,9,5,0,221,92,12,13,2,0,42,11,3,4,1,0,7
23/04/2023,Sunday,472,41,21,7,7,3,0,200,91,27,10,3,0,68,19,0,10,0,0,12
24/04/2023,Monday,136,14,4,0,2,0,0,54,18,4,4,1,0,29,13,0,3,0,0,8
25/04/2023,Tuesday,221,23,10,2,3,1,0,85,33,4,4,1,0,43,19,3,3,1,0,4
26/04/2023,Wednesday,265,6,6,0,2,0,0,108,51,8,6,1,0,62,18,7,4,2,0,4
27/04/2023,Thursday,183,17,5,1,3,1,0,67,30,2,5,1,0,45,14,2,4,1,0,4
28/04/2023,Friday,128,11,2,2,2,1,0,44,20,1,3,1,0,36,11,2,3,1,0,9
29/04/2023,Saturday,330,38,13,0,7,0,0,157,52,10,10,2,0,49,11,1,7,1,0,12
30/04/2023,Sunday,353,39,12,3,5,2,0,163,65,15,8,2,0,43,9,4,4,2,0,12
01/05/2023,Holiday,846,128,52,3,20,2,0,418,152,30,19,4,0,48,13,2,5,1,0,9
02/05/2023,Tuesday,148,12,3,0,3,0,0,61,20,8,3,2,0,31,10,3,3,1,0,12
03/05/2023,Wednesday,179,12,2,2,2,1,0,75,24,8,3,2,0,44,9,3,3,1,0,10
04/05/2023,Thursday,277,19,13,1,3,1,0,107,46,8,5,2,0,60,20,4,6,1,0,13
05/05/2023,Holiday,545,79,32,4,9,3,0,253,97,19,14,3,0,45,15,2,5,1,0,11
06/05/2023,Holiday,623,113,32,6,17,4,0,301,107,20,19,4,0,32,9,4,3,1,0,7
07/05/2023,Sunday,414,43,14,3,8,1,0,187,65,19,10,2,0,61,20,3,10,1,0,9
08/05/2023,Monday,192,14,5,0,3,0,0,79,31,4,4,2,0,41,19,1,4,1,0,8
09/05/2023,Tuesday,150,12,2,1,1,1,0,70,23,2,4,1,0,24,16,2,4,1,0,5
10/05/2023,Wednesday,266,14,3,3,2,1,0,136,36,7,5,3,0,48,17,2,5,1,0,9
11/05/2023,Thursday,242,18,5,1,3,1,0,105,37,9,5,2,0,48,14,6,4,1,0,10
12/05/2023,Friday,183,14,5,1,4,1,0,82,27,8,4,2,0,39,7,0,4,0,0,9
13/05/2023,Saturday,419,43,17,0,7,0,0,202,81,15,9,2,0,46,15,1,9,1,0,5
14/05/2023,Sunday,428,43,18,4,6,1,0,209,65,13,10,2,0,53,21,4,6,1,0,5
15/05/2023,Monday,287,16,6,0,2,0,0,112,39,12,5,2,0,66,31,6,8,2,0,5
16/05/2023,Tuesday,187,8,4,0,1,0,0,82,27,9,4,2,0,38,17,2,5,1,0,9
17/05/2023,Wednesday,196,16,6,3,2,1,0,85,28,4,4,2,0,34,16,5,3,2,0,9
18/05/2023,Thursday,265,15,5,0,5,0,0,132,43,6,8,2,0,45,17,2,6,2,0,6
19/05/2023,Friday,193,10,6,0,2,0,0,73,25,2,4,1,0,56,18,3,4,1,0,8
20/05/2023,Saturday,394,46,10,1,6,1,0,177,66,15,9,2,0,61,14,4,5,2,0,6
21/05/2023,Sunday,471,41,12,2,6,2,0,237,76,23,9,4,0,60,19,6,8,1,0,12
22/05/2023,Monday,136,8,4,1,2,1,0,52,16,2,4,1,0,37,16,0,4,0,0,5
23/05/2023,Tuesday,289,17,6,2,2,2,0,137,39,7,6,1,0,57,20,6,5,1,0,13
24/05/2023,Wednesday,170,10,8,1,3,1,0,77,16,8,4,2,0,41,9,0,3,0,0,4
25/05/2023,Thursday,269,13,6,1,2,1,0,111,41,4,6,2,0,59,32,4,7,1,0,6
26/05/2023,Friday,191,15,4,1,5,1,0,88,25,5,5,1,0,42,10,1,6,1,0,12
27/05/2023,Saturday,314,30,10,1,4,1,0,160,45,9,7,2,0,41,19,1,5,1,0,12
28/05/2023,Sunday,466,49,12,1,8,1,0,234,78,16,10,2,0,49,23,5,6,2,0,6
29/05/2023,Monday,193,16,7,0,3,0,0,75,38,5,4,1,0,30,17,5,3,1,0,6
30/05/2023,Tuesday,278,21,2,0,2,0,0,113,49,6,5,1,0,59,21,9,4,2,0,11
31/05/2023,Wednesday,295,18,3,2,2,1,0,134,42,13,6,1,0,61,17,6,5,1,0,10
01/06/2023,Thursday,270,14,5,2,1,1,0,121,40,5,6,1,0,55,19,10,5,2,0,6
02/06/2023,Friday,145,10,8,0,4,0,0,53,24,3,4,1,0,31,13,3,3,1,0,9
03/06/2023,Holiday,778,119,37,7,15,4,0,377,144,30,21,5,0,48,14,2,6,1,0,5
04/06/2023,Sunday,309,26,7,3,6,2,0,139,62,9,9,2,0,47,15,1,6,1,0,10
05/06/2023,Monday,219,15,4,1,3,1,0,91,38,4,4,1,0,49,19,0,7,0,0,9
06/06/2023,Tuesday,129,13,3,0,4,0,0,54,11,5,3,2,0,32,8,3,3,2,0,10
07/06/2023,Wednesday,127,7,5,0,2,0,0,50,19,5,3,1,0,32,9,0,3,0,0,7
08/06/2023,Thursday,201,12,9,1,4,1,0,78,31,1,6,1,0,44,18,7,4,1,0,9
09/06/2023,Friday,291,10,8,3,2,1,0,135,47,5,8,1,0,65,18,3,5,1,0,10
10/06/2023,Saturday,445,46,15,2,10,1,0,211,89,11,14,2,0,47,24,2,8,1,0,11
11/06/2023,Sunday,469,43,11,0,8,0,0,242,85,12,10,1,0,54,19,4,11,1,0,8
12/06/2023,Monday,280,20,7,1,3,1,0,128,48,10,6,2,0,50,13,4,5,2,0,10
13/06/2023,Tuesday,118,5,5,0,2,0,0,55,14,3,3,1,0,21,13,2,2,1,0,12
14/06/2023,Wednesday,226,21,6,0,3,0,0,104,29,7,6,1,0,43,16,3,3,1,0,8
15/06/2023,Thursday,126,10,2,1,2,1,0,48,14,6,3,2,0,27,15,3,3,2,0,8
16/06/2023,Friday,212,16,4,2,2,1,0,88,27,9,4,1,0,50,16,1,4,1,0,9
17/06/2023,Saturday,443,50,16,3,8,2,0,197,77,14,9,2,0,60,22,5,10,1,0,11
18/06/2023,Sunday,390,43,18,2,9,1,0,180,65,15,10,2,0,53,12,2,7,1,0,5
19/06/2023,Monday,165,12,3,1,1,1,0,63,28,3,5,1,0,38,15,2,4,1,0,10
20/06/2023,Tuesday,272,20,9,4,3,1,0,118,35,6,6,2,0,51,20,10,4,2,0,10
21/06/2023,Wednesday,179,8,4,0,2,0,0,75,31,3,4,1,0,40,17,2,5,1,0,10
22/06/2023,Thursday,120,10,3,0,3,0,0,41,12,4,3,1,0,34,13,3,4,1,0,8
23/06/2023,Friday,274,15,7,0,2,0,0,122,46,1,7,1,0,57,19,7,6,2,0,4
24/06/2023,Saturday,371,44,17,2,6,1,0,174,57,15,7,4,0,38,20,5,6,2,0,12
25/06/2023,Sunday,367,43,11,3,5,2,0,164,71,10,11,2,0,48,13,5,7,3,0,9
26/06/2023,Monday,212,9,7,0,2,0,0,106,29,7,7,1,0,40,14,1,3,1,0,9
27/06/2023,Tuesday,231,16,6,0,3,0,0,89,26,11,4,2,0,58,17,8,3,2,0,9
28/06/2023,Wednesday,258,14,6,0,2,0,0,103,40,11,4,2,0,56,24,4,6,1,0,4
29/06/2023,Holiday,594,102,27,9,13,2,0,279,90,23,14,3,0,48,18,1,5,1,0,4
30/06/2023,Friday,221,14,4,1,3,1,0,100,31,6,4,1,0,45,16,4,6,2,0,6
01/07/2023,Saturday,340,36,10,2,6,1,0,152,67,18,8,3,0,41,15,3,6,2,0,8
02/07/2023,Sunday,356,28,18,2,5,2,0,164,64,11,9,2,0,49,18,3,6,1,0,6
03/07/2023,Holiday,661,109,36,1,13,1,0,313,104,16,19,3,0,59,22,1,6,1,0,12
04/07/2023,Tuesday,185,11,5,1,2,1,0,80,25,7,6,2,0,43,13,1,5,1,0,7
05/07/2023,Wednesday,161,13,4,2,3,1,0,71,14,5,3,1,0,32,13,7,4,1,0,4
06/07/2023,Thursday,240,14,3,1,2,1,0,96,40,5,6,2,0,58,17,7,5,1,0,8
07/07/2023,Friday,214,16,3,1,2,1,0,102,33,7,6,1,0,34,16,2,4,1,0,7
08/07/2023,Saturday,379,28,10,3,5,1,0,193,62,13,9,3,0,51,16,3,10,1,0,4
09/07/2023,Sunday,407,47,20,3,8,1,0,191,57,22,11,2,0,46,23,0,7,0,0,8
10/07/2023,Monday,299,17,6,4,3,1,0,126,41,13,6,2,0,67,22,4,5,1,0,6
11/07/2023,Tuesday,157,4,8,1,2,1,0,70,20,1,5,1,0,36,14,3,3,1,0,11
12/07/2023,Wednesday,242,21,4,0,5,0,0,102,35,8,6,1,0,53,16,3,4,1,0,7
13/07/2023,Thursday,226,20,5,1,2,1,0,96,31,8,5,2,0,46,13,6,5,1,0,10
14/07/2023,Friday,240,14,5,1,2,1,0,101,40,4,7,1,0,53,19,3,4,1,0,10
15/07/2023,Saturday,454,44,13,3,7,2,0,221,68,17,9,2,0,68,15,5,10,1,0,5
16/07/2023,Sunday,304,33,12,4,5,2,0,135,56,7,9,2,0,43,12,2,6,1,0,7
17/07/2023,Monday,275,11,10,1,1,1,0,109,52,10,6,1,0,67,13,2,7,1,0,8
18/07/2023,Tuesday,126,15,2,0,4,0,0,47,21,5,3,1,0,31,4,2,2,1,0,10
19/07/2023,Wednesday,209,14,5,2,2,1,0,84,31,6,5,1,0,44,21,2,4,1,0,4
20/07/2023,Thursday,254,15,4,0,3,0,0,123,34,9,6,2,0,48,17,5,4,1,0,12
21/07/2023,Friday,238,15,3,1,3,1,0,100,33,8,6,2,0,55,20,4,4,1,0,9
22/07/2023,Saturday,482,55,14,5,8,2,0,232,78,14,11,1,0,56,23,6,8,1,0,10
23/07/2023,Sunday,371,41,14,3,8,1,0,170,65,16,7,3,0,43,17,4,6,1,0,11
24/07/2023,Monday,223,15,6,2,2,1,0,100,33,11,6,2,0,42,9,5,3,2,0,12
25/07/2023,Tuesday,160,19,3,2,2,1,0,56,24,6,4,2,0,37,8,5,3,1,0,10
26/07/2023,Wednesday,204,11,5,1,3,1,0,81,35,5,4,1,0,50,14,2,5,1,0,11
27/07/2023,Thursday,260,18,6,0,2,0,0,107,32,7,5,2,0,63,21,6,6,1,0,6
28/07/2023,Friday,164,8,3,2,2,1,0,67,33,7,4,2,0,34,8,2,3,1,0,10
29/07/2023,Saturday,362,29,9,0,6,0,0,186,71,8,9,1,0,40,19,2,7,1,0,11
30/07/2023,Sunday,318,44,11,1,6,1,0,140,60,9,9,2,0,36,11,6,4,1,0,12
31/07/2023,Monday,143,7,5,0,2,0,0,54,24,9,4,1,0,28,15,1,5,1,0,7
01/08/2023,Holiday,798,134,41,12,18,3,0,384,134,26,19,3,0,52,12,7,4,2,0,8
02/08/2023,Wednesday,187,12,6,0,3,0,0,81,21,5,4,1,0,45,12,5,3,1,0,7
03/08/2023,Thursday,292,16,8,1,3,1,0,123,38,8,7,1,0,72,22,4,5,1,0,12
04/08/2023,Friday,223,18,5,1,2,1,0,80,36,6,5,2,0,53,20,6,3,1,0,10
05/08/2023,Saturday,368,34,18,3,7,2,0,175,63,9,8,1,0,50,11,6,5,2,0,5
06/08/2023,Sunday,435,43,23,3,7,2,0,216,60,17,9,3,0,54,21,0,9,0,0,9
07/08/2023,Monday,185,11,4,2,2,1,0,79,27,5,4,1,0,48,10,1,3,1,0,12
08/08/2023,Tuesday,204,10,6,3,1,1,0,85,28,10,5,2,0,51,11,1,4,1,0,12
09/08/2023,Wednesday,218,15,5,0,2,0,0,98,34,5,5,1,0,46,11,4,5,1,0,4
10/08/2023,Thursday,218,14,4,0,3,0,0,94,33,7,5,2,0,45,18,4,5,1,0,5
11/08/2023,Friday,134,19,4,1,2,1,0,50,19,1,4,1,0,26,11,3,3,1,0,5
12/08/2023,Saturday,392,33,15,3,5,2,0,196,71,19,10,2,0,40,13,3,5,1,0,8
13/08/2023,Sunday,392,44,16,1,8,1,0,186,68,14,9,2,0,43,16,4,7,2,0,9
14/08/2023,Monday,156,17,3,1,1,1,0,59,19,9,4,1,0,35,12,1,4,1,0,6
15/08/2023,Tuesday,286,15,8,0,3,0,0,151,22,6,7,2,0,64,14,7,4,1,0,7
16/08/2023,Wednesday,295,15,4,0,3,0,0,128,45,12,6,2,0,60,28,6,6,1,0,4
17/08/2023,Thursday,148,9,8,0,3,0,0,49,35,3,5,1,0,31,12,2,3,1,0,12
18/08/2023,Friday,272,14,7,1,2,1,0,119,33,8,5,1,0,57,27,7,5,1,0,11
19/08/2023,Saturday,437,32,21,2,8,1,0,207,71,19,8,3,0,62,20,5,9,2,0,4
20/08/2023,Sunday,411,41,11,5,5,3,0,199,73,13,9,2,0,50,14,6,7,1,0,10
21/08/2023,Monday,145,10,0,0,2,0,0,62,21,3,3,1,0,33,14,3,4,1,0,10
22/08/2023,Tuesday,130,13,1,0,2,0,0,44,23,2,5,1,0,33,13,1,3,1,0,5
23/08/2023,Wednesday,268,16,4,0,2,0,0,110,41,5,6,1,0,68,17,8,5,2,0,4
24/08/2023,Thursday,157,15,4,2,3,1,0,67,11,3,4,1,0,36,20,0,4,0,0,8
25/08/2023,Friday,190,15,2,2,1,1,0,87,37,2,6,1,0,30,14,1,4,1,0,5
26/08/2023,Saturday,398,40,13,3,5,1,0,198,60,8,10,1,0,52,20,4,6,1,0,5
27/08/2023,Sunday,352,39,12,3,5,1,0,176,53,5,12,1,0,45,16,3,6,1,0,9
28/08/2023,Monday,245,15,4,2,2,1,0,104,47,8,4,2,0,54,9,4,4,1,0,7
29/08/2023,Tuesday,188,20,5,0,3,0,0,72,33,6,5,2,0,39,12,1,4,1,0,4
30/08/2023,Holiday,639,80,41,12,11,4,0,288,116,30,16,3,0,53,17,2,6,1,0,12
31/08/2023,Thursday,141,5,7,1,2,1,0,53,25,2,6,1,0,35,13,1,4,1,0,8
01/09/2023,Friday,209,16,5,2,2,1,0,77,31,7,4,1,0,46,25,1,5,1,0,7
02/09/2023,Saturday,297,27,13,2,8,1,0,137,46,11,9,2,0,38,20,3,6,1,0,6
03/09/2023,Sunday,341,39,12,2,6,1,0,162,53,17,7,3,0,40,10,6,6,1,0,5
04/09/2023,Monday,212,16,7,2,2,1,0,93,35,2,5,1,0,37,16,4,4,1,0,8
05/09/2023,Tuesday,132,12,3,2,1,1,0,49,27,4,3,1,0,21,12,2,3,1,0,10
06/09/2023,Wednesday,303,19,7,0,3,0,0,120,49,12,8,1,0,67,23,7,6,1,0,6
07/09/2023,Thursday,192,10,3,2,1,1,0,95,25,1,4,1,0,37,14,5,5,2,0,7
08/09/2023,Friday,244,18,3,1,3,1,0,93,35,8,4,2,0,67,16,4,4,2,0,7
09/09/2023,Saturday,476,44,20,4,9,1,0,228,78,13,15,1,0,64,18,8,9,3,0,9
10/09/2023,Sunday,332,39,12,0,9,0,0,169,52,8,9,1,0,41,10,2,6,1,0,6
11/09/2023,Monday,199,19,2,2,3,1,0,88,23,10,5,1,0,44,10,2,3,1,0,4
12/09/2023,Tuesday,146,13,8,0,2,0,0,61,25,3,4,1,0,27,7,2,3,1,0,9
13/09/2023,Wednesday,240,10,8,3,2,2,0,109,44,3,5,2,0,45,15,3,4,1,0,6
14/09/2023,Thursday,213,14,9,0,3,0,0,84,31,8,4,2,0,47,19,2,4,1,0,10
15/09/2023,Friday,122,11,10,1,4,1,0,48,12,2,2,1,0,23,11,4,3,1,0,5
16/09/2023,Saturday,360,33,14,5,5,1,0,182,54,12,8,3,0,46,12,5,6,1,0,7
17/09/2023,Sunday,411,37,13,3,5,1,0,211,52,11,9,2,0,53,28,4,9,1,0,8
18/09/2023,Monday,149,16,2,0,3,0,0,55,19,2,4,1,0,39,13,3,3,1,0,7
19/09/2023,Tuesday,170,14,6,2,2,1,0,70,25,4,4,1,0,31,15,3,3,1,0,11
20/09/2023,Wednesday,187,12,2,0,2,0,0,79,36,7,4,2,0,32,17,2,4,1,0,7
21/09/2023,Thursday,175,11,4,0,3,0,0,63,26,10,5,1,0,43,16,2,3,1,0,9
22/09/2023,Friday,225,19,6,2,2,1,0,99,35,3,7,1,0,44,14,4,4,1,0,10
23/09/2023,Saturday,412,41,15,3,6,1,0,201,77,17,9,2,0,45,12,1,7,1,0,9
24/09/2023,Sunday,446,41,10,3,7,1,0,237,67,16,9,3,0,53,21,1,8,1,0,7
25/09/2023,Monday,205,10,5,1,1,1,0,91,25,4,6,1,0,41,21,7,4,1,0,8
26/09/2023,Tuesday,265,17,2,1,1,1,0,123,39,7,6,1,0,51,20,6,6,2,0,11
27/09/2023,Wednesday,153,10,5,0,3,0,0,63,19,3,4,1,0,38,14,1,3,1,0,11
28/09/2023,Holiday,503,63,27,2,9,1,0,246,81,21,13,2,0,54,8,3,7,1,0,7
29/09/2023,Holiday,701,107,37,8,14,3,0,348,111,20,22,2,0,56,11,5,6,2,0,6
30/09/2023,Saturday,453,41,17,3,7,2,0,224,65,18,9,3,0,62,14,10,8,2,0,9
01/10/2023,Sunday,376,37,10,2,5,1,0,178,80,14,10,2,0,34,20,2,7,1,0,12
02/10/2023,Monday,277,20,4,1,2,1,0,121,44,10,5,2,0,49,23,5,5,1,0,5
03/10/2023,Tuesday,154,15,4,0,2,0,0,67,14,6,4,1,0,40,7,1,4,0,0,5
04/10/2023,Wednesday,139,10,3,3,1,2,0,54,33,1,4,1,0,28,4,3,3,1,0,8
05/10/2023,Thursday,192,9,2,3,1,2,0,92,23,5,5,1,0,41,18,0,4,0,0,6
06/10/2023,Friday,136,17,4,0,3,0,0,50,16,6,4,2,0,28,13,2,3,1,0,9
07/10/2023,Saturday,451,41,11,5,6,2,0,207,95,7,10,1,0,53,26,6,7,1,0,4
08/10/2023,Sunday,489,50,20,2,10,1,0,250,77,17,10,2,0,55,17,3,9,1,0,11
09/10/2023,Monday,212,9,3,0,2,0,0,89,27,8,5,1,0,49,24,4,5,1,0,6
10/10/2023,Tuesday,150,8,2,1,2,1,0,66,24,2,4,1,0,28,18,1,3,1,0,8
11/10/2023,Wednesday,266,17,3,2,3,1,0,111,41,13,5,2,0,61,16,2,4,1,0,7
12/10/2023,Thursday,151,8,5,1,2,1,0,69,25,6,4,1,0,25,11,2,3,1,0,9
13/10/2023,Friday,177,10,4,2,3,1,0,59,29,4,4,1,0,49,17,3,3,2,0,10
14/10/2023,Saturday,480,50,14,1,8,1,0,221,87,19,9,3,0,74,11,3,9,2,0,10
15/10/2023,Sunday,373,33,9,0,7,0,0,192,58,15,9,2,0,45,21,2,5,1,0,11
16/10/2023,Monday,299,21,5,1,3,1,0,130,44,10,5,2,0,64,25,0,6,0,0,8
17/10/2023,Tuesday,180,9,3,1,2,1,0,66,26,8,4,2,0,49,16,2,5,1,0,4
18/10/2023,Wednesday,245,14,6,0,3,0,0,111,42,6,5,1,0,45,19,3,4,1,0,6
19/10/2023,Thursday,273,14,6,0,3,0,0,108,44,12,6,1,0,61,25,3,7,1,0,8
20/10/2023,Friday,281,29,6,1,2,1,0,126,38,12,5,1,0,45,22,3,4,1,0,6
21/10/2023,Saturday,457,39,14,4,7,2,0,202,86,18,9,3,0,70,21,5,10,1,0,10
22/10/2023,Sunday,434,52,9,1,7,1,0,206,79,16,10,2,0,45,24,2,7,1,0,7
23/10/2023,Monday,160,13,2,0,3,0,0,75,23,4,4,1,0,30,9,4,4,2,0,11
24/10/2023,Tuesday,165,16,7,2,2,1,0,68,19,2,3,2,0,36,14,1,4,1,0,8
25/10/2023,Wednesday,260,16,3,1,3,1,0,118,41,10,5,2,0,46,23,3,9,1,0,11
26/10/2023,Thursday,123,12,4,3,2,1,0,42,13,5,2,2,0,27,15,2,3,1,0,8
27/10/2023,Friday,169,20,7,0,4,0,0,66,18,8,4,2,0,34,13,3,4,1,0,11
28/10/2023,Holiday,564,69,25,9,13,3,0,270,100,20,14,2,0,52,12,7,3,2,0,7
29/10/2023,Sunday,463,39,16,3,7,3,0,222,76,16,9,2,0,62,21,10,8,4,0,9
30/10/2023,Monday,281,15,4,0,3,0,0,121,43,6,5,2,0,66,19,8,6,1,0,4
31/10/2023,Tuesday,283,16,10,1,3,1,0,119,39,6,6,2,0,64,25,4,6,1,0,6
01/11/2023,Wednesday,154,10,2,0,2,0,0,68,25,3,5,1,0,32,13,2,4,1,0,5
02/11/2023,Thursday,293,23,5,1,3,1,0,132,39,6,5,1,0,57,28,4,5,1,0,7
03/11/2023,Friday,157,8,3,0,3,0,0,74,22,1,6,0,0,40,8,1,3,1,0,6
04/11/2023,Saturday,411,36,8,1,4,1,0,208,77,10,8,1,0,49,16,6,7,1,0,12
05/11/2023,Sunday,315,31,9,0,5,0,0,157,60,13,8,1,0,35,9,2,5,1,0,9
06/11/2023,Monday,227,16,6,0,4,0,0,104,35,2,5,1,0,49,13,2,4,1,0,4
07/11/2023,Tuesday,176,14,7,2,3,1,0,65,25,5,4,1,0,42,10,6,4,2,0,12
08/11/2023,Wednesday,117,17,3,0,2,0,0,43,21,5,3,2,0,17,9,2,2,1,0,11
09/11/2023,Thursday,268,10,6,2,2,1,0,117,43,6,5,1,0,62,17,5,6,1,0,8
10/11/2023,Friday,262,20,2,0,3,0,0,106,41,18,5,2,0,53,22,2,5,1,0,8
11/11/2023,Saturday,451,43,15,5,7,2,0,219,93,9,10,2,0,48,14,6,9,2,0,4
12/11/2023,Holiday,578,89,37,6,15,3,0,274,99,24,14,3,0,37,12,1,4,1,0,11
13/11/2023,Monday,121,9,7,0,3,0,0,47,21,3,2,1,0,23,8,3,2,1,0,11
14/11/2023,Tuesday,197,11,4,1,1,1,0,85,34,5,5,1,0,41,16,2,3,1,0,8
15/11/2023,Wednesday,138,14,4,0,3,0,0,57,17,5,2,2,0,25,14,2,3,1,0,5
16/11/2023,Thursday,301,17,6,1,3,1,0,132,49,10,6,2,0,69,17,1,6,1,0,8
17/11/2023,Friday,275,15,1,0,2,0,0,113,45,8,7,1,0,66,24,4,5,2,0,4
18/11/2023,Saturday,473,53,19,4,11,2,0,218,77,14,11,2,0,63,21,6,7,1,0,10
19/11/2023,Sunday,318,31,18,4,10,2,0,142,62,10,6,3,0,36,13,3,5,1,0,5
20/11/2023,Monday,163,12,5,0,4,0,0,63,19,7,4,1,0,43,10,4,4,2,0,12
21/11/2023,Tuesday,264,16,8,1,4,1,0,119,37,3,5,1,0,47,31,3,5,1,0,4
22/11/2023,Wednesday,248,11,4,1,3,1,0,104,44,4,6,1,0,56,19,6,5,1,0,4
23/11/2023,Thursday,263,17,7,0,3,0,0,117,36,8,6,1,0,54,24,0,6,0,0,8
24/11/2023,Friday,219,13,6,0,2,0,0,109,28,5,6,1,0,37,19,2,4,1,0,9
25/11/2023,Saturday,366,34,11,3,3,2,0,168,60,17,9,2,0,52,22,1,8,1,0,9
26/11/2023,Holiday,617,90,30,5,16,2,0,303,103,22,17,4,0,42,17,5,4,1,0,6
27/11/2023,Monday,242,16,3,0,2,0,0,114,38,4,5,1,0,49,15,3,4,1,0,11
28/11/2023,Tuesday,285,20,3,2,2,1,0,116,48,5,7,2,0,69,17,5,6,1,0,8
29/11/2023,Wednesday,149,11,5,1,2,1,0,65,17,4,3,1,0,29,14,3,3,1,0,10
30/11/2023,Thursday,165,23,1,1,3,1,0,66,23,3,4,1,0,37,9,2,3,1,0,6
01/12/2023,Friday,275,12,4,1,1,1,0,125,30,13,4,3,0,62,21,8,5,2,0,12
02/12/2023,Saturday,480,48,20,5,6,1,0,235,74,12,11,2,0,58,28,3,9,1,0,7
03/12/2023,Sunday,345,31,5,2,3,2,0,177,54,12,8,2,0,46,17,2,6,1,0,5
04/12/2023,Monday,233,16,11,0,3,0,0,104,34,8,5,1,0,35,22,3,4,1,0,5
05/12/2023,Tuesday,198,8,3,0,3,0,0,100,26,7,4,1,0,43,7,5,4,1,0,5
06/12/2023,Wednesday,232,15,5,0,2,0,0,106,29,5,6,2,0,51,17,4,5,1,0,4
07/12/2023,Thursday,194,14,4,0,3,0,0,82,27,5,5,1,0,40,20,3,4,2,0,4
08/12/2023,Friday,254,12,7,0,3,0,0,99,50,4,6,1,0,63,17,3,5,1,0,5
09/12/2023,Saturday,351,36,9,0,7,0,0,181,62,12,10,1,0,34,15,2,6,1,0,11
10/12/2023,Sunday,297,33,13,1,5,1,0,132,52,8,7,2,0,41,15,2,5,1,0,10
11/12/2023,Monday,262,16,9,3,3,1,0,111,40,14,4,3,0,45,21,4,5,1,0,11
12/12/2023,Tuesday,193,24,1,0,3,0,0,72,31,6,6,1,0,43,8,8,4,1,0,8
13/12/2023,Wednesday,249,24,3,3,2,1,0,101,41,7,5,2,0,46,23,2,4,1,0,8
14/12/2023,Thursday,111,10,5,0,2,0,0,35,25,4,3,1,0,19,10,3,2,1,0,11
15/12/2023,Friday,193,15,3,0,2,0,0,69,23,11,5,1,0,48,21,3,5,1,0,9
16/12/2023,Saturday,394,47,13,1,8,1,0,203,53,12,11,2,0,45,20,2,7,1,0,9
17/12/2023,Sunday,451,53,10,3,11,1,0,215,74,15,8,2,0,59,20,3,9,1,0,7
18/12/2023,Monday,246,15,5,0,2,0,0,101,38,10,6,2,0,58,16,3,5,1,0,11
19/12/2023,Tuesday,119,9,3,0,2,0,0,44,17,4,3,1,0,28,13,1,4,1,0,11
20/12/2023,Wednesday,280,23,6,3,2,1,0,117,50,7,7,2,0,52,20,2,4,1,0,9
21/12/2023,Thursday,197,11,10,2,3,1,0,78,31,5,4,1,0,39,22,0,6,0,0,10
22/12/2023,Friday,139,14,6,1,4,1,0,53,21,4,4,1,0,29,11,1,3,1,0,6
23/12/2023,Saturday,339,40,12,3,7,1,0,155,60,10,6,2,0,42,16,1,5,1,0,11
24/12/2023,Sunday,426,49,15,9,6,3,0,184,74,10,9,3,0,62,22,3,8,1,0,12
25/12/2023,Holiday,496,62,27,5,9,1,0,223,93,22,14,3,0,42,18,4,5,2,0,11
26/12/2023,Holiday,704,109,34,8,16,2,0,367,110,17,18,2,0,40,20,0,4,0,0,9
27/12/2023,Wednesday,268,19,7,1,4,1,0,116,41,9,6,1,0,53,20,2,6,1,0,9
28/12/2023,Thursday,132,6,6,3,2,1,0,62,13,1,3,1,0,28,9,4,3,1,0,10
29/12/2023,Friday,158,10,3,1,1,1,0,75,28,3,5,1,0,27,12,1,4,1,0,6
30/12/2023,Saturday,303,37,8,2,7,1,0,127,68,8,7,2,0,36,16,1,7,1,0,11
31/12/2023,Sunday,327,31,10,1,6,1,0,161,59,8,7,2,0,41,16,1,7,1,0,11
